t,br_icon
0.5,0.771
1.5,0.728
2.5,0.754
3.5,0.671
4.5,0.632
5.5,0.612
6.5,0.677
7.5,0.706
8.5,0.680
9.5,0.673
10.5,0.612
11.5,0.604
12.5,0.413
13.5,0.720
14.5,0.732
15.5,0.687
16.5,0.406
17.5,0.423
18.5,0.395
19.5,0.754
20.5,0.849
21.5,0.857
22.5,0.582
23.5,0.610
24.5,0.581
25.5,0.711
26.5,0.503
27.5,0.583
28.5,0.533
29.5,0.742
30.5,0.410
31.5,0.594
32.5,0.644
33.5,0.319
34.5,0.230
35.5,0.512
36.5,0.283
37.5,0.447
38.5,0.609
39.5,0.702
40.5,0.570
41.5,0.662
42.5,0.603
43.5,0.559
44.5,0.699
45.5,0.517
46.5,0.627
47.5,0.581
48.5,0.675
49.5,0.630
50.5,0.782
51.5,0.576
52.5,0.766
53.5,0.766
54.5,0.776
55.5,0.787
56.5,0.548
57.5,0.588
58.5,0.522
59.5,0.599
60.5,0.578
61.5,0.599
62.5,0.645
63.5,0.471
64.5,0.560
65.5,0.643
66.5,0.637
67.5,0.630
68.5,0.640
69.5,0.288
70.5,0.172
71.5,0.275
72.5,0.000
73.5,0.000
74.5,0.000
75.5,0.000
76.5,0.000
77.5,0.000
78.5,0.000
79.5,0.000
80.5,0.000
81.5,0.000
82.5,0.720
83.5,0.720
84.5,0.722
85.5,0.591
86.5,0.651
87.5,0.599
88.5,0.655
89.5,0.563
90.5,0.447
91.5,0.401
92.5,0.752
93.5,0.521
94.5,0.600
95.5,0.695
96.5,0.775
97.5,0.743
98.5,0.693
99.5,0.835
100.5,0.815
101.5,0.762
102.5,0.769
103.5,0.725
104.5,0.739
105.5,0.723
106.5,0.735
107.5,0.333
108.5,0.536
109.5,0.658
110.5,0.681
111.5,0.501
112.5,0.598
113.5,0.375
114.5,0.474
115.5,0.506
116.5,0.501
117.5,0.344
118.5,0.466
119.5,0.000
120.5,0.000
121.5,0.000
122.5,0.000
123.5,0.000
124.5,0.000
125.5,0.000
126.5,0.000
127.5,0.000
128.5,0.000
129.5,0.000
130.5,0.000
131.5,0.000
132.5,0.000
133.5,0.000
134.5,0.000
135.5,0.000
136.5,0.000
137.5,0.000
138.5,0.000
139.5,0.000
140.5,0.000
141.5,0.000
142.5,0.000
143.5,0.000
144.5,0.000
145.5,0.000
146.5,0.000
147.5,0.000
148.5,0.000
149.5,0.662
150.5,0.658
151.5,0.748
152.5,0.711
153.5,0.677
154.5,0.669
155.5,0.000
156.5,0.000
157.5,0.000
158.5,0.000
159.5,0.000
160.5,0.000
161.5,0.475
162.5,0.513
163.5,0.492
164.5,0.517
165.5,0.555
166.5,0.569
167.5,0.723
168.5,0.727
169.5,0.729
170.5,0.541
171.5,0.750
172.5,0.270
173.5,0.298
174.5,0.355
175.5,0.352
176.5,0.352
177.5,0.000
178.5,0.000
179.5,0.000
180.5,0.000
181.5,0.000
182.5,0.000
183.5,0.000
184.5,0.000
185.5,0.000
186.5,0.000
187.5,0.791
188.5,0.750
189.5,0.732
190.5,0.772
191.5,0.683
192.5,0.761
193.5,0.625
194.5,0.499
195.5,0.604
196.5,0.558
197.5,0.847
198.5,0.832
199.5,0.872
200.5,0.896
201.5,0.229
202.5,0.529
203.5,0.513
204.5,0.550
205.5,0.328
206.5,0.732
207.5,0.787
208.5,0.615
209.5,0.774
210.5,0.112
211.5,0.736
212.5,0.318
213.5,0.667
214.5,0.540
215.5,0.623
216.5,0.492
217.5,0.661
218.5,0.567
219.5,0.544
220.5,0.120
221.5,0.120
222.5,0.000
223.5,0.000
224.5,0.000
225.5,0.000
226.5,0.000
227.5,0.000
228.5,0.000
229.5,0.000
230.5,0.000
231.5,0.000
232.5,0.603
233.5,0.606
234.5,0.622
235.5,0.581
236.5,0.532
237.5,0.719
238.5,0.777
239.5,0.800
240.5,0.792
241.5,0.413
242.5,0.663
243.5,0.437
244.5,0.744
245.5,0.605
246.5,0.440
247.5,0.682
248.5,0.372
249.5,0.049
250.5,0.674
251.5,0.323
252.5,0.417
253.5,0.761
254.5,0.754
255.5,0.729
256.5,0.692
257.5,0.210
258.5,0.309
259.5,0.291
260.5,0.243
261.5,0.283
262.5,0.495
263.5,0.518
264.5,0.444
265.5,0.446
266.5,0.479
267.5,0.453
268.5,0.582
269.5,0.597
270.5,0.623
271.5,0.536
272.5,0.430
273.5,0.241
274.5,0.625
275.5,0.733
276.5,0.638
277.5,0.699
278.5,0.732
279.5,0.563
280.5,0.666
281.5,0.622
282.5,0.693
283.5,0.681
284.5,0.784
285.5,0.771
286.5,0.520
287.5,0.478
288.5,0.446
289.5,0.454
290.5,0.453
291.5,0.440
292.5,0.565
293.5,0.615
294.5,0.492
295.5,0.491
296.5,0.536
297.5,0.600
298.5,0.504
299.5,0.575
300.5,0.481
301.5,0.439
302.5,0.385
303.5,0.383
304.5,0.000
305.5,0.000
306.5,0.000
307.5,0.000
308.5,0.000
309.5,0.000
310.5,0.000
311.5,0.000
312.5,0.000
313.5,0.000
314.5,0.691
315.5,0.719
316.5,0.751
317.5,0.801
318.5,0.816
319.5,0.821
320.5,0.822
321.5,0.669
322.5,0.643
323.5,0.631
324.5,0.661
325.5,0.517
326.5,0.454
327.5,0.454
328.5,0.508
329.5,0.574
330.5,0.583
331.5,0.000
332.5,0.000
333.5,0.000
334.5,0.016
335.5,0.072
336.5,0.016
337.5,0.034
