t,tl,tr,bl,br
0.5,0.429,0.661,0.698,0.836
1.5,0.435,0.575,0.672,0.659
2.5,0.532,0.604,0.728,0.764
3.5,0.555,0.659,0.713,0.650
4.5,0.551,0.580,0.765,0.918
5.5,0.572,0.538,0.741,0.879
6.5,0.671,0.652,0.631,0.900
7.5,0.641,0.580,0.605,0.850
8.5,0.635,0.664,0.564,0.803
9.5,0.693,0.646,0.548,0.806
10.5,0.561,0.695,0.501,0.883
11.5,0.603,0.689,0.520,0.760
12.5,0.769,0.679,0.776,0.599
13.5,0.763,0.803,0.762,0.278
14.5,0.768,0.810,0.737,0.314
15.5,0.765,0.866,0.760,0.473
16.5,0.780,0.319,0.740,0.633
17.5,0.736,0.651,0.772,0.319
18.5,0.772,0.493,0.763,0.611
19.5,0.763,0.759,0.763,0.234
20.5,0.766,0.612,0.775,0.712
21.5,0.765,0.776,0.771,0.714
22.5,0.928,0.653,0.767,0.226
23.5,0.878,0.775,0.772,0.394
24.5,0.907,0.548,0.765,0.346
25.5,0.978,0.782,0.748,0.352
26.5,0.763,0.684,0.770,0.499
27.5,0.771,0.336,0.769,0.622
28.5,0.764,0.681,0.766,0.277
29.5,0.764,0.335,0.770,0.313
30.5,0.764,0.217,0.765,0.499
31.5,0.775,0.146,0.914,0.390
32.5,0.758,0.523,0.663,0.530
33.5,0.760,0.528,0.641,0.592
34.5,0.759,0.485,0.754,0.547
35.5,0.758,0.631,0.819,0.569
36.5,0.759,0.641,0.795,0.546
37.5,0.757,0.484,0.795,0.493
38.5,0.772,0.287,0.698,0.481
39.5,0.689,0.504,0.727,0.445
40.5,0.587,0.698,0.715,0.466
41.5,0.645,0.672,0.743,0.548
42.5,0.780,0.642,0.643,0.481
43.5,0.659,0.779,0.677,0.521
44.5,0.722,0.388,0.623,0.468
45.5,0.541,0.663,0.725,0.499
46.5,0.294,0.627,0.651,0.561
47.5,0.470,0.636,0.603,0.520
48.5,0.741,0.612,0.731,0.538
49.5,0.748,0.408,0.736,0.558
50.5,0.724,0.669,0.737,0.321
51.5,0.728,0.686,0.690,0.540
52.5,0.732,0.697,0.646,0.558
53.5,0.682,0.638,0.660,0.514
54.5,0.570,0.688,0.710,0.421
55.5,0.596,0.650,0.747,0.473
56.5,0.681,0.457,0.664,0.508
57.5,0.748,0.418,0.566,0.503
58.5,0.723,0.383,0.585,0.531
59.5,0.750,0.401,0.710,0.534
60.5,0.751,0.252,0.714,0.548
61.5,0.751,0.227,0.599,0.542
62.5,0.274,0.121,0.484,0.425
63.5,0.183,0.132,0.610,0.422
64.5,0.175,0.130,0.579,0.386
65.5,0.156,0.137,0.477,0.398
66.5,0.123,0.144,0.688,0.490
67.5,0.082,0.145,0.719,0.425
68.5,0.070,0.135,0.705,0.334
69.5,0.068,0.091,0.660,0.399
70.5,0.075,0.230,0.720,0.401
71.5,0.220,0.490,0.708,0.450
72.5,0.096,0.629,0.000,0.000
73.5,0.096,0.628,0.000,0.000
74.5,0.096,0.628,0.000,0.000
75.5,0.000,0.627,0.000,0.000
76.5,0.000,0.627,0.000,0.000
77.5,0.000,0.627,0.000,0.000
78.5,0.000,0.627,0.000,0.000
79.5,0.000,0.627,0.000,0.000
80.5,0.000,0.627,0.000,0.000
81.5,0.000,0.628,0.000,0.000
82.5,0.785,0.566,0.738,0.392
83.5,0.764,0.487,0.675,0.386
84.5,0.746,0.509,0.640,0.430
85.5,0.697,0.685,0.693,0.481
86.5,0.752,0.685,0.741,0.646
87.5,0.704,0.578,0.675,0.496
88.5,0.665,0.456,0.657,0.403
89.5,0.609,0.488,0.706,0.503
90.5,0.190,0.151,0.504,0.472
91.5,0.004,0.531,0.494,0.414
92.5,0.732,0.566,0.725,0.613
93.5,0.730,0.652,0.738,0.401
94.5,0.732,0.622,0.750,0.443
95.5,0.735,0.610,0.732,0.449
96.5,0.732,0.680,0.761,0.474
97.5,0.725,0.568,0.754,0.531
98.5,0.730,0.568,0.750,0.582
99.5,0.729,0.757,0.747,0.614
100.5,0.738,0.762,0.745,0.350
101.5,0.730,0.739,0.780,0.487
102.5,0.751,0.413,0.606,0.645
103.5,0.722,0.396,0.737,0.589
104.5,0.718,0.396,0.720,0.567
105.5,0.735,0.377,0.737,0.605
106.5,0.711,0.364,0.731,0.586
107.5,0.635,0.425,0.706,0.544
108.5,0.426,0.585,0.680,0.609
109.5,0.510,0.553,0.497,0.541
110.5,0.575,0.578,0.389,0.454
111.5,0.540,0.730,0.549,0.419
112.5,0.722,0.724,0.749,0.342
113.5,0.730,0.722,0.711,0.402
114.5,0.706,0.708,0.659,0.268
115.5,0.675,0.695,0.662,0.456
116.5,0.685,0.687,0.666,0.460
117.5,0.708,0.709,0.738,0.524
118.5,0.698,0.696,0.666,0.453
119.5,0.064,0.631,0.000,0.000
120.5,0.000,0.626,0.000,0.000
121.5,0.000,0.626,0.000,0.000
122.5,0.000,0.626,0.000,0.000
123.5,0.000,0.626,0.000,0.000
124.5,0.000,0.626,0.000,0.000
125.5,0.000,0.627,0.000,0.000
126.5,0.000,0.625,0.000,0.000
127.5,0.000,0.625,0.000,0.000
128.5,0.000,0.625,0.000,0.000
129.5,0.000,0.626,0.000,0.000
130.5,0.000,0.626,0.000,0.000
131.5,0.000,0.626,0.000,0.000
132.5,0.000,0.627,0.000,0.000
133.5,0.000,0.627,0.000,0.000
134.5,0.000,0.627,0.000,0.000
135.5,0.000,0.628,0.000,0.000
136.5,0.000,0.628,0.000,0.000
137.5,0.000,0.627,0.000,0.000
138.5,0.000,0.626,0.000,0.000
139.5,0.000,0.626,0.000,0.000
140.5,0.000,0.626,0.000,0.000
141.5,0.000,0.626,0.000,0.000
142.5,0.000,0.626,0.000,0.000
143.5,0.000,0.626,0.000,0.000
144.5,0.000,0.626,0.000,0.000
145.5,0.000,0.626,0.000,0.000
146.5,0.000,0.626,0.000,0.000
147.5,0.000,0.629,0.000,0.000
148.5,0.000,0.628,0.000,0.000
149.5,0.689,0.695,0.681,0.483
150.5,0.714,0.645,0.652,0.522
151.5,0.613,0.591,0.647,0.444
152.5,0.496,0.667,0.759,0.424
153.5,0.552,0.700,0.688,0.444
154.5,0.563,0.588,0.645,0.414
155.5,0.000,0.633,0.000,0.000
156.5,0.000,0.629,0.000,0.000
157.5,0.000,0.629,0.000,0.000
158.5,0.000,0.629,0.000,0.000
159.5,0.000,0.627,0.000,0.000
160.5,0.000,0.627,0.000,0.000
161.5,0.642,0.741,0.631,0.591
162.5,0.620,0.721,0.662,0.592
163.5,0.614,0.730,0.675,0.580
164.5,0.622,0.723,0.671,0.578
165.5,0.620,0.656,0.640,0.576
166.5,0.631,0.591,0.602,0.563
167.5,0.772,0.611,0.908,0.393
168.5,0.783,0.637,0.912,0.402
169.5,0.766,0.740,0.951,0.371
170.5,0.787,0.300,0.963,0.134
171.5,0.795,0.493,0.761,0.613
172.5,0.774,0.358,0.763,0.359
173.5,0.775,0.306,0.771,0.338
174.5,0.851,0.305,0.766,0.345
175.5,0.908,0.330,0.769,0.339
176.5,0.812,0.292,0.764,0.352
177.5,0.000,0.626,0.000,0.000
178.5,0.000,0.626,0.000,0.000
179.5,0.000,0.626,0.000,0.000
180.5,0.000,0.629,0.000,0.000
181.5,0.000,0.629,0.000,0.000
182.5,0.000,0.628,0.000,0.000
183.5,0.000,0.624,0.000,0.000
184.5,0.000,0.624,0.000,0.000
185.5,0.000,0.624,0.000,0.000
186.5,0.000,0.624,0.000,0.000
187.5,0.587,0.534,0.675,0.614
188.5,0.603,0.602,0.661,0.541
189.5,0.607,0.586,0.679,0.554
190.5,0.604,0.543,0.686,0.560
191.5,0.672,0.656,0.614,0.541
192.5,0.523,0.702,0.680,0.387
193.5,0.515,0.672,0.504,0.422
194.5,0.652,0.632,0.566,0.333
195.5,0.687,0.538,0.733,0.272
196.5,0.699,0.338,0.652,0.441
197.5,0.764,0.172,0.781,0.782
198.5,0.764,0.170,0.779,0.762
199.5,0.765,0.486,0.785,0.713
200.5,0.764,0.485,0.819,0.667
201.5,0.762,0.494,0.774,0.598
202.5,0.769,0.712,0.769,0.533
203.5,0.766,0.756,0.772,0.381
204.5,0.804,0.709,0.762,0.561
205.5,0.891,0.528,0.777,0.555
206.5,0.810,0.771,0.769,0.571
207.5,0.940,0.769,0.779,0.501
208.5,0.964,0.689,0.793,0.360
209.5,0.769,0.584,0.793,0.333
210.5,0.765,0.466,0.786,0.259
211.5,0.788,0.472,0.765,0.386
212.5,0.772,0.704,0.944,0.384
213.5,0.744,0.731,0.906,0.414
214.5,0.763,0.358,0.833,0.467
215.5,0.762,0.111,0.967,0.586
216.5,0.804,0.627,0.799,0.486
217.5,0.752,0.593,0.778,0.363
218.5,0.770,0.514,0.778,0.652
219.5,0.777,0.495,0.774,0.424
220.5,0.149,0.631,0.089,0.220
221.5,0.149,0.631,0.089,0.220
222.5,0.000,0.628,0.000,0.000
223.5,0.000,0.628,0.000,0.000
224.5,0.000,0.628,0.000,0.000
225.5,0.000,0.627,0.000,0.000
226.5,0.000,0.627,0.000,0.000
227.5,0.000,0.627,0.000,0.000
228.5,0.000,0.627,0.000,0.000
229.5,0.000,0.627,0.000,0.000
230.5,0.000,0.627,0.000,0.000
231.5,0.000,0.626,0.000,0.000
232.5,0.766,0.593,0.716,0.398
233.5,0.765,0.628,0.725,0.409
234.5,0.744,0.590,0.765,0.452
235.5,0.760,0.591,0.763,0.463
236.5,0.759,0.592,0.759,0.534
237.5,0.767,0.632,0.802,0.519
238.5,0.873,0.385,0.782,0.454
239.5,0.966,0.509,0.784,0.515
240.5,0.968,0.509,0.749,0.472
241.5,0.760,0.769,0.724,0.525
242.5,0.775,0.666,0.774,0.587
243.5,0.774,0.597,0.769,0.414
244.5,0.770,0.613,0.950,0.533
245.5,0.708,0.430,0.906,0.367
246.5,0.748,0.513,0.827,0.405
247.5,0.917,0.480,0.770,0.385
248.5,0.909,0.658,0.764,0.536
249.5,0.957,0.562,0.774,0.448
250.5,0.952,0.575,0.792,0.404
251.5,0.775,0.451,0.753,0.430
252.5,0.767,0.493,0.770,0.376
253.5,0.783,0.609,0.766,0.444
254.5,0.779,0.611,0.953,0.215
255.5,0.764,0.409,0.907,0.559
256.5,0.764,0.475,0.825,0.469
257.5,0.776,0.571,0.763,0.504
258.5,0.770,0.577,0.770,0.490
259.5,0.775,0.581,0.760,0.478
260.5,0.774,0.635,0.766,0.470
261.5,0.765,0.646,0.761,0.496
262.5,0.565,0.676,0.585,0.617
263.5,0.561,0.672,0.631,0.609
264.5,0.602,0.664,0.557,0.588
265.5,0.600,0.644,0.623,0.617
266.5,0.649,0.625,0.626,0.628
267.5,0.689,0.633,0.654,0.628
268.5,0.571,0.592,0.718,0.763
269.5,0.692,0.600,0.691,0.792
270.5,0.697,0.628,0.667,0.803
271.5,0.678,0.622,0.714,0.801
272.5,0.648,0.579,0.750,0.765
273.5,0.604,0.626,0.769,0.720
274.5,0.684,0.567,0.763,0.640
275.5,0.669,0.541,0.748,0.561
276.5,0.693,0.514,0.728,0.569
277.5,0.607,0.477,0.737,0.525
278.5,0.577,0.572,0.748,0.561
279.5,0.539,0.708,0.633,0.437
280.5,0.657,0.641,0.670,0.768
281.5,0.739,0.678,0.696,0.860
282.5,0.685,0.617,0.751,0.843
283.5,0.660,0.555,0.683,0.861
284.5,0.707,0.657,0.648,0.785
285.5,0.715,0.609,0.769,0.344
286.5,0.731,0.593,0.724,0.563
287.5,0.730,0.593,0.730,0.808
288.5,0.737,0.438,0.743,0.750
289.5,0.741,0.445,0.738,0.757
290.5,0.709,0.462,0.735,0.786
291.5,0.738,0.473,0.723,0.793
292.5,0.696,0.642,0.721,0.581
293.5,0.667,0.528,0.671,0.536
294.5,0.647,0.618,0.718,0.492
295.5,0.673,0.698,0.618,0.465
296.5,0.582,0.654,0.460,0.480
297.5,0.669,0.574,0.500,0.433
298.5,0.675,0.617,0.594,0.819
299.5,0.745,0.617,0.585,0.728
300.5,0.757,0.627,0.692,0.827
301.5,0.750,0.673,0.715,0.825
302.5,0.734,0.675,0.748,0.857
303.5,0.708,0.687,0.740,0.857
304.5,0.000,0.632,0.000,0.000
305.5,0.000,0.632,0.000,0.000
306.5,0.000,0.629,0.000,0.000
307.5,0.000,0.629,0.000,0.000
308.5,0.000,0.628,0.000,0.000
309.5,0.000,0.624,0.000,0.000
310.5,0.000,0.624,0.000,0.000
311.5,0.000,0.624,0.000,0.000
312.5,0.000,0.624,0.000,0.000
313.5,0.000,0.624,0.000,0.000
314.5,0.607,0.469,0.591,0.463
315.5,0.616,0.525,0.600,0.468
316.5,0.617,0.595,0.592,0.488
317.5,0.614,0.617,0.586,0.471
318.5,0.611,0.631,0.589,0.470
319.5,0.617,0.634,0.593,0.464
320.5,0.619,0.633,0.598,0.480
321.5,0.777,0.565,0.748,0.668
322.5,0.776,0.560,0.754,0.668
323.5,0.773,0.557,0.758,0.668
324.5,0.777,0.563,0.722,0.593
325.5,0.778,0.561,0.762,0.596
326.5,0.665,0.597,0.724,0.609
327.5,0.727,0.589,0.685,0.592
328.5,0.676,0.588,0.664,0.624
329.5,0.681,0.596,0.743,0.570
330.5,0.669,0.602,0.686,0.630
331.5,0.522,0.632,0.173,0.000
332.5,0.433,0.631,0.173,0.000
333.5,0.409,0.628,0.223,0.000
334.5,0.396,0.628,0.255,0.018
335.5,0.392,0.628,0.260,0.064
336.5,0.295,0.628,0.287,0.041
337.5,0.207,0.628,0.315,0.033
